Series Name,Series Code,Country Name,Country Code,2010 [YR2010],2011 [YR2011],2012 [YR2012],2013 [YR2013],2014 [YR2014],2015 [YR2015],2016 [YR2016],2017 [YR2017],2018 [YR2018]
Domestic general government health expenditure (% of current health expenditure),SH.XPD.GHED.CH.ZS,Afghanistan,AFG,5.47462443,5.60622529,4.34189466,5.03476184,4.960258,5.17223951,5.12806279,..,..
Domestic general government health expenditure (% of current health expenditure),SH.XPD.GHED.CH.ZS,Albania,ALB,49.64703774,49.90674628,45.0151072,43.62177243,43.82676476,42.5445849,41.35680773,..,..
Domestic general government health expenditure (% of current health expenditure),SH.XPD.GHED.CH.ZS,Algeria,DZA,69.48214528,70.62489648,72.92946089,71.04844618,72.00878405,70.45942586,67.68694359,..,..
Domestic general government health expenditure (% of current health expenditure),SH.XPD.GHED.CH.ZS,American Samoa,ASM,..,..,..,..,..,..,..,..,..
Domestic general government health expenditure (% of current health expenditure),SH.XPD.GHED.CH.ZS,Andorra,AND,44.57272483,45.83247225,46.45482369,47.20256135,47.77916938,48.28604156,49.12979925,..,..
Domestic general government health expenditure (% of current health expenditure),SH.XPD.GHED.CH.ZS,Angola,AGO,62.1162788,64.75706038,65.25454982,62.02979904,54.15326465,47.36523125,44.13827159,..,..
Domestic general government health expenditure (% of current health expenditure),SH.XPD.GHED.CH.ZS,Antigua and Barbuda,ATG,70.13320868,66.93504678,65.26424741,66.50785124,69.26123938,68.2486345,60.55338479,..,..
Domestic general government health expenditure (% of current health expenditure),SH.XPD.GHED.CH.ZS,Argentina,ARG,64.65795334,67.6755354,72.98276629,74.51294496,76.96092122,78.03625781,74.42779571,..,..
Domestic general government health expenditure (% of current health expenditure),SH.XPD.GHED.CH.ZS,Armenia,ARM,32.06838638,44.07550952,22.95546387,17.86120221,14.7911067,15.91488078,16.45257583,..,..
Domestic general government health expenditure (% of current health expenditure),SH.XPD.GHED.CH.ZS,Aruba,ABW,..,..,..,..,..,..,..,..,..
Domestic general government health expenditure (% of current health expenditure),SH.XPD.GHED.CH.ZS,Australia,AUS,68.63637703,69.21351125,67.53580651,67.55206175,67.35788828,68.20820799,68.30742861,..,..
Domestic general government health expenditure (% of current health expenditure),SH.XPD.GHED.CH.ZS,Austria,AUT,72.39570698,72.68902582,72.87378538,72.16906154,72.5170916,72.80862933,72.51036616,..,..
Domestic general government health expenditure (% of current health expenditure),SH.XPD.GHED.CH.ZS,Azerbaijan,AZE,23.69746011,23.35566524,24.16688313,22.39953555,22.11850461,20.89232763,19.96391311,..,..
Domestic general government health expenditure (% of current health expenditure),SH.XPD.GHED.CH.ZS,"Bahamas, The",BHS,47.32441472,47.45484401,46.91358025,47.03125,44.34108527,50.22288262,49.86072423,..,..
Domestic general government health expenditure (% of current health expenditure),SH.XPD.GHED.CH.ZS,Bahrain,BHR,62.96856538,62.53778855,65.34789431,65.14782365,65.06402377,64.88478819,61.36419576,..,..
Domestic general government health expenditure (% of current health expenditure),SH.XPD.GHED.CH.ZS,Bangladesh,BGD,21.02813669,20.92262427,20.47002967,19.73048009,19.03475759,17.63069774,17.95660527,..,..
Domestic general government health expenditure (% of current health expenditure),SH.XPD.GHED.CH.ZS,Barbados,BRB,53.45088838,48.49534617,55.33291501,50.0896628,46.23189931,45.83492795,45.88686551,..,..
Domestic general government health expenditure (% of current health expenditure),SH.XPD.GHED.CH.ZS,Belarus,BLR,68.04415584,63.35825099,65.6329148,62.6564775,62.60076702,60.7843627,61.44639064,..,..
Domestic general government health expenditure (% of current health expenditure),SH.XPD.GHED.CH.ZS,Belgium,BEL,82.33467077,82.32467704,82.66274601,82.5012248,82.82739021,83.51307007,84.10574485,..,..
Domestic general government health expenditure (% of current health expenditure),SH.XPD.GHED.CH.ZS,Belize,BLZ,66.77939076,65.71276134,66.24453245,65.6706665,58.29416191,69.11567835,66.32682842,..,..
Domestic general government health expenditure (% of current health expenditure),SH.XPD.GHED.CH.ZS,Benin,BEN,24.20930638,25.76515071,21.86915162,26.74820301,21.56858092,20.13637677,20.53745295,..,..
Domestic general government health expenditure (% of current health expenditure),SH.XPD.GHED.CH.ZS,Bermuda,BMU,..,..,..,..,..,..,..,..,..
Domestic general government health expenditure (% of current health expenditure),SH.XPD.GHED.CH.ZS,Bhutan,BTN,72.05212227,73.41854316,69.57640808,68.88393665,69.01010442,74.25158069,73.95302236,..,..
Domestic general government health expenditure (% of current health expenditure),SH.XPD.GHED.CH.ZS,Bolivia,BOL,61.15826074,60.83007148,59.50757905,60.0587166,64.7999854,68.05057847,65.69856763,..,..
Domestic general government health expenditure (% of current health expenditure),SH.XPD.GHED.CH.ZS,Bosnia and Herzegovina,BIH,68.05644622,68.36427897,68.63848642,69.37789126,69.69541791,70.79160777,70.78684481,..,..
Domestic general government health expenditure (% of current health expenditure),SH.XPD.GHED.CH.ZS,Botswana,BWA,58.56526558,63.20726768,56.63492912,52.99586013,54.21533104,55.10065392,55.93227386,..,..
Domestic general government health expenditure (% of current health expenditure),SH.XPD.GHED.CH.ZS,Brazil,BRA,35.26920312,36.0266025,35.51960926,34.75079303,33.87437165,33.15831393,33.2239499,..,..
Domestic general government health expenditure (% of current health expenditure),SH.XPD.GHED.CH.ZS,British Virgin Islands,VGB,..,..,..,..,..,..,..,..,..
Domestic general government health expenditure (% of current health expenditure),SH.XPD.GHED.CH.ZS,Brunei Darussalam,BRN,91.73865116,91.5281312,91.14807104,90.59257967,92.66540012,95.02642328,94.92840731,..,..
Domestic general government health expenditure (% of current health expenditure),SH.XPD.GHED.CH.ZS,Bulgaria,BGR,55.23909528,54.1389011,50.80148735,51.38132536,52.81388841,50.85529638,50.56318195,..,..
Domestic general government health expenditure (% of current health expenditure),SH.XPD.GHED.CH.ZS,Burkina Faso,BFA,24.93154071,29.48612092,24.47422793,29.51210324,32.56865302,28.37504701,40.09754805,..,..
Domestic general government health expenditure (% of current health expenditure),SH.XPD.GHED.CH.ZS,Burundi,BDI,17.60574312,31.69517375,30.90560119,17.8582229,47.12504925,50.716739,29.12751633,..,..
Domestic general government health expenditure (% of current health expenditure),SH.XPD.GHED.CH.ZS,Cabo Verde,CPV,63.25492524,66.54673518,60.55428536,58.37194224,57.72820003,67.5106534,56.7836494,..,..
Domestic general government health expenditure (% of current health expenditure),SH.XPD.GHED.CH.ZS,Cambodia,KHM,19.71776245,17.05691987,19.37299537,19.98289296,18.4997037,21.70782819,21.80688329,..,..
Domestic general government health expenditure (% of current health expenditure),SH.XPD.GHED.CH.ZS,Cameroon,CMR,18.03357067,32.9202797,14.54271197,14.25993311,11.73317638,14.4602271,13.33502003,..,..
Domestic general government health expenditure (% of current health expenditure),SH.XPD.GHED.CH.ZS,Canada,CAN,73.03948504,73.72348697,73.6823505,73.51046667,73.53585239,73.66077906,73.44394228,..,..
Domestic general government health expenditure (% of current health expenditure),SH.XPD.GHED.CH.ZS,Cayman Islands,CYM,..,..,..,..,..,..,..,..,..
Domestic general government health expenditure (% of current health expenditure),SH.XPD.GHED.CH.ZS,Central African Republic,CAF,29.89912552,22.49535241,26.10943278,13.87495837,18.82801624,10.1946884,14.86171143,..,..
Domestic general government health expenditure (% of current health expenditure),SH.XPD.GHED.CH.ZS,Chad,TCD,20.97907232,21.41591063,18.67293936,39.14318901,27.35620034,23.49420216,18.86900522,..,..
Domestic general government health expenditure (% of current health expenditure),SH.XPD.GHED.CH.ZS,Channel Islands,CHI,..,..,..,..,..,..,..,..,..
Domestic general government health expenditure (% of current health expenditure),SH.XPD.GHED.CH.ZS,Chile,CHL,59.02731981,59.45808488,59.99639393,59.35207713,58.94790573,58.74627148,58.46919006,..,..
Domestic general government health expenditure (% of current health expenditure),SH.XPD.GHED.CH.ZS,China,CHN,51.90622953,53.72208911,55.73525627,57.05029423,58.4154877,60.18101012,58.01526373,..,..
Domestic general government health expenditure (% of current health expenditure),SH.XPD.GHED.CH.ZS,Colombia,COL,70.46194623,69.74351172,69.08010172,65.61185501,64.05049694,63.44360183,62.25342074,..,..
Domestic general government health expenditure (% of current health expenditure),SH.XPD.GHED.CH.ZS,Comoros,COM,9.0487592,18.2694045,10.96250189,12.29419817,12.16666912,13.53593415,14.55568838,..,..
Domestic general government health expenditure (% of current health expenditure),SH.XPD.GHED.CH.ZS,"Congo, Dem. Rep.",COD,10.30609076,10.85306304,15.87839634,13.97492145,13.84381369,16.84958889,12.25340947,..,..
Domestic general government health expenditure (% of current health expenditure),SH.XPD.GHED.CH.ZS,"Congo, Rep.",COG,44.73592063,37.16899673,42.88275328,48.19468301,47.99256565,45.54232892,42.27557284,..,..
Domestic general government health expenditure (% of current health expenditure),SH.XPD.GHED.CH.ZS,Costa Rica,CRI,73.11345082,72.10980617,73.08773386,73.77109238,72.17702753,74.27029652,74.75746001,..,..
Domestic general government health expenditure (% of current health expenditure),SH.XPD.GHED.CH.ZS,Cote d'Ivoire,CIV,13.18684704,13.95856115,17.62991493,21.80881783,17.27725165,21.82589173,25.7719767,..,..
Domestic general government health expenditure (% of current health expenditure),SH.XPD.GHED.CH.ZS,Croatia,HRV,83.40902148,81.97130657,82.6522051,81.32645092,79.80190463,78.84234905,78.24655627,..,..
Domestic general government health expenditure (% of current health expenditure),SH.XPD.GHED.CH.ZS,Cuba,CUB,90.79106328,89.01506288,86.71138476,87.61036057,90.25386811,90.31495452,89.60050892,..,..
Domestic general government health expenditure (% of current health expenditure),SH.XPD.GHED.CH.ZS,Curacao,CUW,..,..,..,..,..,..,..,..,..
Domestic general government health expenditure (% of current health expenditure),SH.XPD.GHED.CH.ZS,Cyprus,CYP,48.21914801,47.01359815,45.37980415,46.10180291,43.75467665,42.35536916,42.20141326,..,..
Domestic general government health expenditure (% of current health expenditure),SH.XPD.GHED.CH.ZS,Czech Republic,CZE,83.12776683,83.69435277,83.54439514,83.40600405,82.57013717,82.23296279,81.87831809,..,..
Domestic general government health expenditure (% of current health expenditure),SH.XPD.GHED.CH.ZS,Denmark,DNK,83.87972955,83.61361706,83.9797933,84.2611762,84.18952753,84.18319729,84.12241598,..,..
Domestic general government health expenditure (% of current health expenditure),SH.XPD.GHED.CH.ZS,Djibouti,DJI,60.67915541,63.49311638,57.2790198,61.89267376,59.48296606,54.6217825,45.76885746,..,..
Domestic general government health expenditure (% of current health expenditure),SH.XPD.GHED.CH.ZS,Dominica,DMA,58.53624076,59.92714106,58.23686954,59.09225284,60.4163177,65.4961285,64.2563873,..,..
Domestic general government health expenditure (% of current health expenditure),SH.XPD.GHED.CH.ZS,Dominican Republic,DOM,45.10126434,48.10519843,46.96130236,48.19840403,42.79049311,40.93509855,45.72495645,..,..
Domestic general government health expenditure (% of current health expenditure),SH.XPD.GHED.CH.ZS,Ecuador,ECU,44.8239261,47.39100163,49.29151321,51.26972259,51.60064261,49.38161063,51.19136872,..,..
Domestic general government health expenditure (% of current health expenditure),SH.XPD.GHED.CH.ZS,"Egypt, Arab Rep.",EGY,32.93099522,33.84382711,29.70098361,30.91954819,31.64188364,35.3856503,29.29940536,..,..
Domestic general government health expenditure (% of current health expenditure),SH.XPD.GHED.CH.ZS,El Salvador,SLV,55.23295071,60.46365915,60.375,62.62656011,62.18988322,64.30959008,64.46631389,..,..
Domestic general government health expenditure (% of current health expenditure),SH.XPD.GHED.CH.ZS,Equatorial Guinea,GNQ,20.71945463,21.03531494,28.65565735,26.61763432,23.5577888,23.50653833,23.51371418,..,..
Domestic general government health expenditure (% of current health expenditure),SH.XPD.GHED.CH.ZS,Eritrea,ERI,15.33521044,13.38609973,21.16344929,10.13860449,11.53714833,12.06646229,29.21883146,..,..
Domestic general government health expenditure (% of current health expenditure),SH.XPD.GHED.CH.ZS,Estonia,EST,74.19721683,74.98979899,76.14031261,75.4557152,75.37118153,75.35113707,75.44314681,..,..
Domestic general government health expenditure (% of current health expenditure),SH.XPD.GHED.CH.ZS,Eswatini,SWZ,68.35636116,63.06703457,61.27789755,64.43289866,59.28261394,64.74335692,69.30465869,..,..
Domestic general government health expenditure (% of current health expenditure),SH.XPD.GHED.CH.ZS,Ethiopia,ETH,17.20357364,8.52792523,23.47878968,26.98083133,17.72080753,25.77269116,27.61668101,..,..
Domestic general government health expenditure (% of current health expenditure),SH.XPD.GHED.CH.ZS,Faroe Islands,FRO,..,..,..,..,..,..,..,..,..
Domestic general government health expenditure (% of current health expenditure),SH.XPD.GHED.CH.ZS,Fiji,FJI,63.89648832,60.13278945,58.61301098,58.48069087,61.33419689,63.11803057,63.90228384,..,..
Domestic general government health expenditure (% of current health expenditure),SH.XPD.GHED.CH.ZS,Finland,FIN,77.21336032,77.81006771,78.39389877,78.15519929,77.86889243,77.77054887,77.36005738,..,..
Domestic general government health expenditure (% of current health expenditure),SH.XPD.GHED.CH.ZS,France,FRA,76.32506619,76.00732514,76.0708192,76.23125481,76.48777589,76.58246636,82.89599623,..,..
Domestic general government health expenditure (% of current health expenditure),SH.XPD.GHED.CH.ZS,French Polynesia,PYF,..,..,..,..,..,..,..,..,..
Domestic general government health expenditure (% of current health expenditure),SH.XPD.GHED.CH.ZS,Gabon,GAB,63.55134766,61.99216983,61.25044719,64.17146713,59.88135418,58.90986608,64.58729426,..,..
Domestic general government health expenditure (% of current health expenditure),SH.XPD.GHED.CH.ZS,"Gambia, The",GMB,32.12780726,34.28310001,37.80810249,26.40765863,21.43646094,17.22397859,18.56677031,..,..
Domestic general government health expenditure (% of current health expenditure),SH.XPD.GHED.CH.ZS,Georgia,GEO,21.31313131,17.52325012,19.44317663,23.5581189,27.61285075,35.52997221,36.55179072,..,..
Domestic general government health expenditure (% of current health expenditure),SH.XPD.GHED.CH.ZS,Germany,DEU,83.36016118,83.21617721,83.12838816,83.92898242,84.40629649,84.33696709,84.67082214,..,..
Domestic general government health expenditure (% of current health expenditure),SH.XPD.GHED.CH.ZS,Ghana,GHA,52.27010202,51.22118887,48.48890749,40.72381255,35.07660686,35.08222472,38.35555251,..,..
Domestic general government health expenditure (% of current health expenditure),SH.XPD.GHED.CH.ZS,Gibraltar,GIB,..,..,..,..,..,..,..,..,..
Domestic general government health expenditure (% of current health expenditure),SH.XPD.GHED.CH.ZS,Greece,GRC,68.26807481,65.09319527,65.73386285,61.50922314,57.63762344,57.69347235,60.74282628,..,..
Domestic general government health expenditure (% of current health expenditure),SH.XPD.GHED.CH.ZS,Greenland,GRL,..,..,..,..,..,..,..,..,..
Domestic general government health expenditure (% of current health expenditure),SH.XPD.GHED.CH.ZS,Grenada,GRD,45.61637694,45.01161148,42.1063435,40.35930424,39.78056546,39.28666799,41.34140797,..,..
Domestic general government health expenditure (% of current health expenditure),SH.XPD.GHED.CH.ZS,Guam,GUM,..,..,..,..,..,..,..,..,..
Domestic general government health expenditure (% of current health expenditure),SH.XPD.GHED.CH.ZS,Guatemala,GTM,33.65338556,33.73260711,33.25571484,36.897276,37.41596167,34.9925245,37.21453319,..,..
Domestic general government health expenditure (% of current health expenditure),SH.XPD.GHED.CH.ZS,Guinea,GIN,12.71253901,13.46776047,14.67796953,14.11631898,12.77202272,7.39020223,12.29854276,..,..
Domestic general government health expenditure (% of current health expenditure),SH.XPD.GHED.CH.ZS,Guinea-Bissau,GNB,19.20231457,9.62316115,25.02432009,39.04508168,32.03889726,33.54008415,44.2513783,..,..
Domestic general government health expenditure (% of current health expenditure),SH.XPD.GHED.CH.ZS,Guyana,GUY,37.48077613,39.09853284,43.31421882,48.68642607,52.34686455,51.46166477,58.93524308,..,..
Domestic general government health expenditure (% of current health expenditure),SH.XPD.GHED.CH.ZS,Haiti,HTI,16.77396555,7.1325038,8.04332643,11.58277061,10.36076115,16.18407819,15.33543688,..,..
Domestic general government health expenditure (% of current health expenditure),SH.XPD.GHED.CH.ZS,Honduras,HND,42.8358107,44.70190733,39.25312269,38.7426643,39.77464857,38.54936577,45.90867549,..,..
Domestic general government health expenditure (% of current health expenditure),SH.XPD.GHED.CH.ZS,"Hong Kong SAR, China",HKG,..,..,..,..,..,..,..,..,..
Domestic general government health expenditure (% of current health expenditure),SH.XPD.GHED.CH.ZS,Hungary,HUN,66.62556115,66.21704742,64.84033655,66.20977902,66.72168949,66.46531981,65.86336623,..,..
Domestic general government health expenditure (% of current health expenditure),SH.XPD.GHED.CH.ZS,Iceland,ISL,80.42772154,80.05615532,79.93397178,80.24269759,80.49940829,80.82249835,81.51008632,..,..
Domestic general government health expenditure (% of current health expenditure),SH.XPD.GHED.CH.ZS,India,IND,26.20631475,28.87308557,27.98948135,23.07121947,23.6640419,25.64012839,25.42673063,..,..
Domestic general government health expenditure (% of current health expenditure),SH.XPD.GHED.CH.ZS,Indonesia,IDN,25.7185274,27.06841724,30.03822886,31.29010292,34.50483056,40.36249486,44.73090878,..,..
Domestic general government health expenditure (% of current health expenditure),SH.XPD.GHED.CH.ZS,"Iran, Islamic Rep.",IRN,32.35679001,33.35728914,34.30973237,38.491404,50.37258406,52.08297519,54.52544156,..,..
Domestic general government health expenditure (% of current health expenditure),SH.XPD.GHED.CH.ZS,Iraq,IRQ,73.87698839,74.83477136,37.50225888,40.75554385,37.21389483,23.2399203,21.1224352,..,..
Domestic general government health expenditure (% of current health expenditure),SH.XPD.GHED.CH.ZS,Ireland,IRL,76.17775146,71.50838468,70.98583572,70.51651368,70.38727769,71.19483429,72.06653551,..,..
Domestic general government health expenditure (% of current health expenditure),SH.XPD.GHED.CH.ZS,Isle of Man,IMN,..,..,..,..,..,..,..,..,..
Domestic general government health expenditure (% of current health expenditure),SH.XPD.GHED.CH.ZS,Israel,ISR,62.94305801,62.66245653,62.70746302,63.65161806,63.2307847,62.70352228,62.50056016,..,..
Domestic general government health expenditure (% of current health expenditure),SH.XPD.GHED.CH.ZS,Italy,ITA,78.45359246,77.01224907,76.13316261,76.05674983,75.64556962,74.59308394,74.46421795,..,..
Domestic general government health expenditure (% of current health expenditure),SH.XPD.GHED.CH.ZS,Jamaica,JAM,60.83559805,61.11004889,57.11991621,61.61082695,58.08850547,63.31249479,60.56058491,..,..
Domestic general government health expenditure (% of current health expenditure),SH.XPD.GHED.CH.ZS,Japan,JPN,81.92724567,83.74062394,83.93068758,84.26091218,84.1178594,84.08298535,83.58567665,..,..
Domestic general government health expenditure (% of current health expenditure),SH.XPD.GHED.CH.ZS,Jordan,JOR,66.7090216,67.44730679,64.40774487,61.55162578,64.47507953,57.16845878,63.22640898,..,..
Domestic general government health expenditure (% of current health expenditure),SH.XPD.GHED.CH.ZS,Kazakhstan,KAZ,67.61942428,68.45178163,67.01488032,68.33261787,67.74986283,62.02989511,58.79006615,..,..
Domestic general government health expenditure (% of current health expenditure),SH.XPD.GHED.CH.ZS,Kenya,KEN,28.96219493,30.86547394,32.4078436,33.68306989,34.23594586,35.26150449,36.17660447,..,..
Domestic general government health expenditure (% of current health expenditure),SH.XPD.GHED.CH.ZS,Kiribati,KIR,91.42417116,94.71844267,88.81688517,82.20103918,82.83273928,85.25713874,79.61717288,..,..
Domestic general government health expenditure (% of current health expenditure),SH.XPD.GHED.CH.ZS,"Korea, Dem. People’s Rep.",PRK,..,..,..,..,..,..,..,..,..
Domestic general government health expenditure (% of current health expenditure),SH.XPD.GHED.CH.ZS,"Korea, Rep.",KOR,60.38201452,59.64253813,58.885787,58.95847485,58.75441483,58.89637598,59.15489723,..,..
Domestic general government health expenditure (% of current health expenditure),SH.XPD.GHED.CH.ZS,Kosovo,XKX,..,..,..,..,..,..,..,..,..
Domestic general government health expenditure (% of current health expenditure),SH.XPD.GHED.CH.ZS,Kuwait,KWT,84.64912281,86.16352201,85.00797448,84.57321848,85.94594595,84.10404624,83.88870693,..,..
Domestic general government health expenditure (% of current health expenditure),SH.XPD.GHED.CH.ZS,Kyrgyz Republic,KGZ,49.13737218,51.96281885,49.60250483,48.20622351,44.36099793,37.1070362,39.10592876,..,..
Domestic general government health expenditure (% of current health expenditure),SH.XPD.GHED.CH.ZS,Lao PDR,LAO,20.73244784,18.86988175,21.03191986,29.69613579,29.74750616,35.20909483,32.40105931,..,..
Domestic general government health expenditure (% of current health expenditure),SH.XPD.GHED.CH.ZS,Latvia,LVA,60.1848393,63.49743035,60.34782755,60.01409257,59.67239735,57.03621141,54.63257359,..,..
Domestic general government health expenditure (% of current health expenditure),SH.XPD.GHED.CH.ZS,Lebanon,LBN,40.34015375,43.80325764,50.20128644,49.42050578,49.77162726,49.28775157,52.13246159,..,..
Domestic general government health expenditure (% of current health expenditure),SH.XPD.GHED.CH.ZS,Lesotho,LSO,57.4547925,57.0658642,59.88172134,59.17296693,67.22624953,65.14876173,63.80656033,..,..
Domestic general government health expenditure (% of current health expenditure),SH.XPD.GHED.CH.ZS,Liberia,LBR,8.92427322,16.28124845,9.56387555,3.77324936,8.75522727,10.86220426,14.24616861,..,..
Domestic general government health expenditure (% of current health expenditure),SH.XPD.GHED.CH.ZS,Libya,LBY,69.93810453,63.29393124,..,..,..,..,..,..,..
Domestic general government health expenditure (% of current health expenditure),SH.XPD.GHED.CH.ZS,Liechtenstein,LIE,..,..,..,..,..,..,..,..,..
Domestic general government health expenditure (% of current health expenditure),SH.XPD.GHED.CH.ZS,Lithuania,LTU,71.09045735,70.33265868,66.61060598,65.58775992,66.57673241,66.08387753,65.5877406,..,..
Domestic general government health expenditure (% of current health expenditure),SH.XPD.GHED.CH.ZS,Luxembourg,LUX,84.73291681,83.01355916,83.21621176,82.76475224,82.63355412,82.04933237,81.215596,..,..
Domestic general government health expenditure (% of current health expenditure),SH.XPD.GHED.CH.ZS,"Macao SAR, China",MAC,..,..,..,..,..,..,..,..,..
Domestic general government health expenditure (% of current health expenditure),SH.XPD.GHED.CH.ZS,Madagascar,MDG,40.1452243,35.24714902,32.77979691,36.13243708,40.35383033,42.93737886,47.65317046,..,..
Domestic general government health expenditure (% of current health expenditure),SH.XPD.GHED.CH.ZS,Malawi,MWI,22.00964042,21.65233118,15.88224646,18.02148629,22.73354007,28.64990369,28.04810302,..,..
Domestic general government health expenditure (% of current health expenditure),SH.XPD.GHED.CH.ZS,Malaysia,MYS,52.81970922,52.95959724,53.6802403,53.85867742,54.79408546,53.09206388,50.47154022,..,..
Domestic general government health expenditure (% of current health expenditure),SH.XPD.GHED.CH.ZS,Maldives,MDV,52.96121646,46.4123531,48.53014417,52.84802609,62.01890053,72.19472179,72.55970213,..,..
Domestic general government health expenditure (% of current health expenditure),SH.XPD.GHED.CH.ZS,Mali,MLI,14.64244826,16.98235079,10.63491314,13.70418217,19.78379934,23.70838692,31.59877558,..,..
Domestic general government health expenditure (% of current health expenditure),SH.XPD.GHED.CH.ZS,Malta,MLT,64.52025661,64.45945784,65.58895096,64.81302695,61.43283576,60.65801988,63.11090573,..,..
Domestic general government health expenditure (% of current health expenditure),SH.XPD.GHED.CH.ZS,Marshall Islands,MHL,42.46559298,51.85185376,53.29744581,56.52178126,50.85290047,51.07866927,52.64198122,..,..
Domestic general government health expenditure (% of current health expenditure),SH.XPD.GHED.CH.ZS,Mauritania,MRT,28.46440157,30.86802603,34.39620743,37.39094845,36.55532585,39.0230119,36.65135164,..,..
Domestic general government health expenditure (% of current health expenditure),SH.XPD.GHED.CH.ZS,Mauritius,MUS,44.14370512,41.12767556,44.4433623,41.80386974,45.09193997,41.67557749,44.11245928,..,..
Domestic general government health expenditure (% of current health expenditure),SH.XPD.GHED.CH.ZS,Mexico,MEX,50.35311047,52.8102212,53.03679199,53.75811445,52.27791341,52.95083809,52.14790183,..,..
Domestic general government health expenditure (% of current health expenditure),SH.XPD.GHED.CH.ZS,"Micronesia, Fed. Sts.",FSM,17.6865217,23.54369665,21.55078113,23.2720448,29.25965401,26.43152282,27.84008733,..,..
Domestic general government health expenditure (% of current health expenditure),SH.XPD.GHED.CH.ZS,Moldova,MDA,45.86203216,46.66718308,48.52949109,46.70034989,49.34556237,45.53878203,48.79130173,..,..
Domestic general government health expenditure (% of current health expenditure),SH.XPD.GHED.CH.ZS,Monaco,MCO,81.43509866,81.14723033,81.27806741,81.0969551,80.97915151,80.85596392,79.55560432,..,..
Domestic general government health expenditure (% of current health expenditure),SH.XPD.GHED.CH.ZS,Mongolia,MNG,61.41210079,55.20043047,56.9797043,52.14002387,51.23167663,51.94968638,56.67647081,..,..
Domestic general government health expenditure (% of current health expenditure),SH.XPD.GHED.CH.ZS,Montenegro,MNE,..,..,..,..,..,..,75.02922166,..,..
Domestic general government health expenditure (% of current health expenditure),SH.XPD.GHED.CH.ZS,Morocco,MAR,39.90435011,41.03366813,42.50133999,44.27557765,44.25934195,43.95974819,46.85600597,..,..
Domestic general government health expenditure (% of current health expenditure),SH.XPD.GHED.CH.ZS,Mozambique,MOZ,8.45994736,4.45772613,27.93734652,19.10268613,32.04316998,8.04155777,53.34193507,..,..
Domestic general government health expenditure (% of current health expenditure),SH.XPD.GHED.CH.ZS,Myanmar,MMR,9.02434349,11.31949157,20.17296123,27.21256728,19.8985706,21.93965616,20.08902947,..,..
Domestic general government health expenditure (% of current health expenditure),SH.XPD.GHED.CH.ZS,Namibia,NAM,54,54,54.00002564,59.36893596,63.99983773,54.08989226,61.89512877,..,..
Domestic general government health expenditure (% of current health expenditure),SH.XPD.GHED.CH.ZS,Nauru,NRU,57.68906915,54.96066182,45.43304961,48.91505983,56.65202123,46.84436315,60.70894838,..,..
Domestic general government health expenditure (% of current health expenditure),SH.XPD.GHED.CH.ZS,Nepal,NPL,18.12849366,17.89261189,17.52668677,16.34459694,17.21303868,16.63467946,18.57956407,..,..
Domestic general government health expenditure (% of current health expenditure),SH.XPD.GHED.CH.ZS,Netherlands,NLD,82.55035,82.18600077,81.9710843,81.07451105,80.66643644,81.03281612,80.97651273,..,..
Domestic general government health expenditure (% of current health expenditure),SH.XPD.GHED.CH.ZS,New Caledonia,NCL,..,..,..,..,..,..,..,..,..
Domestic general government health expenditure (% of current health expenditure),SH.XPD.GHED.CH.ZS,New Zealand,NZL,81.1722575,80.87942579,80.49840012,80.05192228,79.56384261,78.98937094,78.65394489,..,..
Domestic general government health expenditure (% of current health expenditure),SH.XPD.GHED.CH.ZS,Nicaragua,NIC,45.68795794,52.10216344,52.91012187,53.78008564,56.88503967,57.05992118,61.34929639,..,..
Domestic general government health expenditure (% of current health expenditure),SH.XPD.GHED.CH.ZS,Niger,NER,25.09963765,27.21476385,26.03756327,30.25867468,28.67851104,21.02342636,24.28881836,..,..
Domestic general government health expenditure (% of current health expenditure),SH.XPD.GHED.CH.ZS,Nigeria,NGA,13.75815984,14.57228854,16.33340042,14.40212863,13.39910366,16.48900702,13.0245805,..,..
Domestic general government health expenditure (% of current health expenditure),SH.XPD.GHED.CH.ZS,North Macedonia,MKD,60.58265067,62.23209406,62.50460268,65.64556928,63.89234502,64.83864657,63.56576093,..,..
Domestic general government health expenditure (% of current health expenditure),SH.XPD.GHED.CH.ZS,Northern Mariana Islands,MNP,..,..,..,..,..,..,..,..,..
Domestic general government health expenditure (% of current health expenditure),SH.XPD.GHED.CH.ZS,Norway,NOR,84.68054683,84.42307692,84.75522809,85.02293561,85.28893689,85.51459834,85.13021374,..,..
Domestic general government health expenditure (% of current health expenditure),SH.XPD.GHED.CH.ZS,Oman,OMN,82.7135635,81.82298397,82.43119894,87.24064662,89.7659739,89.41586518,89.14158762,..,..
Domestic general government health expenditure (% of current health expenditure),SH.XPD.GHED.CH.ZS,Pakistan,PAK,22.0162669,26.08548959,28.74642953,26.99662355,25.65797082,27.53954895,27.89791124,..,..
Domestic general government health expenditure (% of current health expenditure),SH.XPD.GHED.CH.ZS,Palau,PLW,35.35935862,38.61646385,41.54952992,45.68345176,44.21227798,42.52088154,59.76413331,..,..
Domestic general government health expenditure (% of current health expenditure),SH.XPD.GHED.CH.ZS,Panama,PAN,66.65981213,65.31599096,60.53444736,62.37447029,62.09291025,62.30652572,65.60211922,..,..
Domestic general government health expenditure (% of current health expenditure),SH.XPD.GHED.CH.ZS,Papua New Guinea,PNG,61.69791224,65.26031392,68.32620448,66.21203397,61.81710027,69.62087106,69.99941566,..,..
Domestic general government health expenditure (% of current health expenditure),SH.XPD.GHED.CH.ZS,Paraguay,PRY,46.54699811,49.1938714,53.85065676,50.59305136,54.21224069,53.57744966,51.62299889,..,..
Domestic general government health expenditure (% of current health expenditure),SH.XPD.GHED.CH.ZS,Peru,PER,51.92814733,52.34100855,53.72047399,57.44815898,61.17213266,63.09753784,64.07395254,..,..
Domestic general government health expenditure (% of current health expenditure),SH.XPD.GHED.CH.ZS,Philippines,PHL,31.90242426,26.38143835,26.28685193,26.2148808,27.59072523,31.48730583,31.54487269,..,..
Domestic general government health expenditure (% of current health expenditure),SH.XPD.GHED.CH.ZS,Poland,POL,71.35040945,71.02574408,69.82922788,70.67022374,70.59096129,69.88509401,69.70119202,..,..
Domestic general government health expenditure (% of current health expenditure),SH.XPD.GHED.CH.ZS,Portugal,PRT,69.76861543,67.69455408,65.56934292,66.92237572,66.0822528,66.1661064,66.35409037,..,..
Domestic general government health expenditure (% of current health expenditure),SH.XPD.GHED.CH.ZS,Puerto Rico,PRI,..,..,..,..,..,..,..,..,..
Domestic general government health expenditure (% of current health expenditure),SH.XPD.GHED.CH.ZS,Qatar,QAT,70.99030556,73.54416129,79.14241496,84.1702955,86.74301674,84.2945972,81.62789957,..,..
Domestic general government health expenditure (% of current health expenditure),SH.XPD.GHED.CH.ZS,Romania,ROU,79.89113739,74.98069312,76.86841583,78.95747773,78.88717937,77.95031087,78.18788115,..,..
Domestic general government health expenditure (% of current health expenditure),SH.XPD.GHED.CH.ZS,Russian Federation,RUS,61.37906737,62.65058987,63.70746377,62.38064048,61.78654597,58.7185262,56.95004666,..,..
Domestic general government health expenditure (% of current health expenditure),SH.XPD.GHED.CH.ZS,Rwanda,RWA,23.07474879,27.46805892,25.44175327,29.53683918,32.71292559,33.26859901,33.88148606,..,..
Domestic general government health expenditure (% of current health expenditure),SH.XPD.GHED.CH.ZS,Samoa,WSM,75.30415879,68.02096504,78.29169662,64.67590586,70.45822516,79.110312,76.38067551,..,..
Domestic general government health expenditure (% of current health expenditure),SH.XPD.GHED.CH.ZS,San Marino,SMR,81.41542865,81.68937769,82.33351661,81.49222956,81.01726025,80.2541075,80.39005144,..,..
Domestic general government health expenditure (% of current health expenditure),SH.XPD.GHED.CH.ZS,Sao Tome and Principe,STP,29.88690315,33.29613276,32.57883578,33.54167044,35.00489549,31.39592815,39.89539604,..,..
Domestic general government health expenditure (% of current health expenditure),SH.XPD.GHED.CH.ZS,Saudi Arabia,SAU,64.84943338,68.84530872,70.03374474,71.00843765,73.4250111,71.31392905,67.80136295,..,..
Domestic general government health expenditure (% of current health expenditure),SH.XPD.GHED.CH.ZS,Senegal,SEN,29.78958125,31.34593855,29.16095267,26.69339775,31.55338083,31.03883348,34.56623139,..,..
Domestic general government health expenditure (% of current health expenditure),SH.XPD.GHED.CH.ZS,Serbia,SRB,61.00416464,61.12109768,62.11655844,59.86000319,58.25764492,57.6848008,58.00478415,..,..
Domestic general government health expenditure (% of current health expenditure),SH.XPD.GHED.CH.ZS,Seychelles,SYC,86.95414486,85.71449857,91.38241083,92.43029322,96.64166938,96.96426826,95.97322222,..,..
Domestic general government health expenditure (% of current health expenditure),SH.XPD.GHED.CH.ZS,Sierra Leone,SLE,11.62602227,6.69384261,8.98979871,6.96953491,6.77968649,8.03731613,11.17266614,..,..
Domestic general government health expenditure (% of current health expenditure),SH.XPD.GHED.CH.ZS,Singapore,SGP,42.71481393,44.0998041,45.95679622,47.72633522,51.1105639,52.76363121,54.52516857,..,..
Domestic general government health expenditure (% of current health expenditure),SH.XPD.GHED.CH.ZS,Sint Maarten (Dutch part),SXM,..,..,..,..,..,..,..,..,..
Domestic general government health expenditure (% of current health expenditure),SH.XPD.GHED.CH.ZS,Slovak Republic,SVK,71.58911023,73.29391823,71.63904416,73.67859049,79.599072,78.8493408,79.83940762,..,..
Domestic general government health expenditure (% of current health expenditure),SH.XPD.GHED.CH.ZS,Slovenia,SVN,72.3649334,72.26573773,70.85123322,70.30366757,70.52432775,71.35445139,72.28774508,..,..
Domestic general government health expenditure (% of current health expenditure),SH.XPD.GHED.CH.ZS,Solomon Islands,SLB,58.67896854,55.67112583,57.84280261,57.67345071,57.24943075,66.71097537,69.23001007,..,..
Domestic general government health expenditure (% of current health expenditure),SH.XPD.GHED.CH.ZS,Somalia,SOM,..,..,..,..,..,..,..,..,..
Domestic general government health expenditure (% of current health expenditure),SH.XPD.GHED.CH.ZS,South Africa,ZAF,52.77755597,54.43531403,54.97160461,54.54249913,53.71285906,53.55438534,53.72918682,..,..
Domestic general government health expenditure (% of current health expenditure),SH.XPD.GHED.CH.ZS,South Sudan,SSD,..,..,..,..,..,..,..,..,..
Domestic general government health expenditure (% of current health expenditure),SH.XPD.GHED.CH.ZS,Spain,ESP,74.78135491,73.78638709,72.17968901,71.02458125,70.39961358,71.28306346,71.23797256,..,..
Domestic general government health expenditure (% of current health expenditure),SH.XPD.GHED.CH.ZS,Sri Lanka,LKA,40.43683776,42.54272155,42.22399593,45.41758581,44.69948296,43.92676397,43.09303192,..,..
Domestic general government health expenditure (% of current health expenditure),SH.XPD.GHED.CH.ZS,St. Kitts and Nevis,KNA,37.58870292,36.99466767,40.3477048,40.43887677,41.7641396,41.10809647,43.17013742,..,..
Domestic general government health expenditure (% of current health expenditure),SH.XPD.GHED.CH.ZS,St. Lucia,LCA,34.21466549,33.43669447,38.67687183,40.28504823,37.87941325,41.17162863,42.00038005,..,..
Domestic general government health expenditure (% of current health expenditure),SH.XPD.GHED.CH.ZS,St. Martin (French part),MAF,..,..,..,..,..,..,..,..,..
Domestic general government health expenditure (% of current health expenditure),SH.XPD.GHED.CH.ZS,St. Vincent and the Grenadines,VCT,71.92814757,70.82529572,75.483279,74.85196903,73.10198785,75.02648451,76.7587279,..,..
Domestic general government health expenditure (% of current health expenditure),SH.XPD.GHED.CH.ZS,Sudan,SDN,32.54711527,23.46251422,26.25350358,16.77329624,25.2728363,31.14130435,19.48552402,..,..
Domestic general government health expenditure (% of current health expenditure),SH.XPD.GHED.CH.ZS,Suriname,SUR,38.40839792,35.56925402,37.9180713,39.67298523,38.35074749,60.24589828,69.36929662,..,..
Domestic general government health expenditure (% of current health expenditure),SH.XPD.GHED.CH.ZS,Sweden,SWE,81.88309493,83.96660563,83.58222657,83.38431026,83.36624002,83.33729879,83.50544787,..,..
Domestic general government health expenditure (% of current health expenditure),SH.XPD.GHED.CH.ZS,Switzerland,CHE,61.76922132,62.30792227,63.54593752,64.11456746,63.23027276,63.35751215,62.77862444,..,..
Domestic general government health expenditure (% of current health expenditure),SH.XPD.GHED.CH.ZS,Syrian Arab Republic,SYR,44.79529104,45.22473453,45.25663583,..,..,..,..,..,..
Domestic general government health expenditure (% of current health expenditure),SH.XPD.GHED.CH.ZS,Tajikistan,TJK,20.57858959,22.27759924,26.88230959,27.7981942,29.49620569,28.16932295,28.59908451,..,..
Domestic general government health expenditure (% of current health expenditure),SH.XPD.GHED.CH.ZS,Tanzania,TZA,27.75648998,24.22067911,23.43128103,25.50709951,29.87491058,34.44834529,40.62409187,..,..
Domestic general government health expenditure (% of current health expenditure),SH.XPD.GHED.CH.ZS,Thailand,THA,76.2350078,78.85563535,78.16026819,78.22784813,77.47099113,77.41448472,78.13524762,..,..
Domestic general government health expenditure (% of current health expenditure),SH.XPD.GHED.CH.ZS,Timor-Leste,TLS,50.81837385,51.97392952,59.31565771,64.15133347,62.44902227,64.76041293,55.76212635,..,..
Domestic general government health expenditure (% of current health expenditure),SH.XPD.GHED.CH.ZS,Togo,TGO,26.56499648,24.14495817,26.62845255,21.26043669,21.93753167,20.3625296,20.04838789,..,..
Domestic general government health expenditure (% of current health expenditure),SH.XPD.GHED.CH.ZS,Tonga,TON,57.36253843,68.53177055,50.35998247,65.70553376,54.59587155,57.93853449,65.89685593,..,..
Domestic general government health expenditure (% of current health expenditure),SH.XPD.GHED.CH.ZS,Trinidad and Tobago,TTO,48.15959717,49.8822246,48.80494414,51.51248995,50.27142409,51.4764338,52.79224295,..,..
Domestic general government health expenditure (% of current health expenditure),SH.XPD.GHED.CH.ZS,Tunisia,TUN,55.75389171,56.41347263,56.96455756,59.09120521,58.1336071,57.0112721,56.63595738,..,..
Domestic general government health expenditure (% of current health expenditure),SH.XPD.GHED.CH.ZS,Turkey,TUR,77.9995045,79.12887653,79.1716359,78.35041329,77.60514547,78.13383692,78.44218129,..,..
Domestic general government health expenditure (% of current health expenditure),SH.XPD.GHED.CH.ZS,Turkmenistan,TKM,24.05106693,25.97605104,26.7274347,28.53607282,26.96157166,23.94773346,18.54010588,..,..
Domestic general government health expenditure (% of current health expenditure),SH.XPD.GHED.CH.ZS,Turks and Caicos Islands,TCA,..,..,..,..,..,..,..,..,..
Domestic general government health expenditure (% of current health expenditure),SH.XPD.GHED.CH.ZS,Tuvalu,TUV,89.08802366,93.48360857,93.87219368,92.23409655,91.64125653,93.30732095,84.5166626,..,..
Domestic general government health expenditure (% of current health expenditure),SH.XPD.GHED.CH.ZS,Uganda,UGA,13.62085647,15.07959169,16.82166858,17.8162844,15.18522161,15.71469201,16.55838427,..,..
Domestic general government health expenditure (% of current health expenditure),SH.XPD.GHED.CH.ZS,Ukraine,UKR,54.11578278,50.2292454,52.55918493,51.02154476,43.65181024,41.05883186,42.41150807,..,..
Domestic general government health expenditure (% of current health expenditure),SH.XPD.GHED.CH.ZS,United Arab Emirates,ARE,70.85415974,72.42097354,72.54479172,71.97173576,70.97638401,71.25105548,72.47749959,..,..
Domestic general government health expenditure (% of current health expenditure),SH.XPD.GHED.CH.ZS,United Kingdom,GBR,84.72830203,84.25753415,84.41615286,80.24742368,80.31311443,80.26777502,80.22535644,..,..
Domestic general government health expenditure (% of current health expenditure),SH.XPD.GHED.CH.ZS,United States,USA,48.53667154,48.50215506,48.4598513,48.87132188,81.37019093,81.94913198,81.84535648,..,..
Domestic general government health expenditure (% of current health expenditure),SH.XPD.GHED.CH.ZS,Uruguay,URY,60.14065359,61.49009313,64.2199623,66.44086715,68.12011518,68.40339466,71.69362213,..,..
Domestic general government health expenditure (% of current health expenditure),SH.XPD.GHED.CH.ZS,Uzbekistan,UZB,51.08109323,51.22851321,50.96603718,51.01682085,52.20277869,49.82948114,46.12771683,..,..
Domestic general government health expenditure (% of current health expenditure),SH.XPD.GHED.CH.ZS,Vanuatu,VUT,55.02123861,65.60494795,58.43971715,51.12481439,16.11454993,48.6231432,53.87346617,..,..
Domestic general government health expenditure (% of current health expenditure),SH.XPD.GHED.CH.ZS,"Venezuela, RB",VEN,30.6608431,36.328697,33.95061139,33.69904679,34.47450443,38.13495188,24.0630513,..,..
Domestic general government health expenditure (% of current health expenditure),SH.XPD.GHED.CH.ZS,Vietnam,VNM,43.43927157,41.90243316,44.64095377,47.11077614,41.95794289,41.80939496,47.43162749,..,..
Domestic general government health expenditure (% of current health expenditure),SH.XPD.GHED.CH.ZS,Virgin Islands (U.S.),VIR,..,..,..,..,..,..,..,..,..
Domestic general government health expenditure (% of current health expenditure),SH.XPD.GHED.CH.ZS,West Bank and Gaza,PSE,..,..,..,..,..,..,..,..,..
Domestic general government health expenditure (% of current health expenditure),SH.XPD.GHED.CH.ZS,"Yemen, Rep.",YEM,22.52561843,22.89780826,23.89010199,19.74684449,16.18166371,10.18244304,..,..,..
Domestic general government health expenditure (% of current health expenditure),SH.XPD.GHED.CH.ZS,Zambia,ZMB,22.62166887,34.78886843,33.02013964,27.92364792,49.45683963,47.1362634,38.28965824,..,..
Domestic general government health expenditure (% of current health expenditure),SH.XPD.GHED.CH.ZS,Zimbabwe,ZWE,26.10145128,27.15277318,30.02205007,31.61950328,35.01481279,43.29407417,46.50392918,..,..
,,,,,,,,,,,,
,,,,,,,,,,,,
,,,,,,,,,,,,
Data from database: World Development Indicators,,,,,,,,,,,,
Last Updated: 10/28/2019,,,,,,,,,,,,
